{
  "train_loss": [
    0.09442856262127558,
    0.009904856948802868,
    0.0027342603464300436,
    0.0014263732514033715,
    0.000999243832969417,
    0.0007839727758740385,
    0.0006465021326827506,
    0.0005480844643898308,
    0.0004743511730339378,
    0.00041725071884381274,
    0.00037190904452775916,
    0.0003353868688767155,
    0.00030528775144678853,
    0.0002805972782274087,
    0.0002594383937927584,
    0.0002417349722236395,
    0.00022659415456776816,
    0.000213500870934998,
    0.0002017557853832841,
    0.00019161346038648237,
    0.00018275626255975414,
    0.00017440600980383653,
    0.0001672416440366457,
    0.00016096589194300275,
    0.00015456837330323953,
    0.00014885110334338,
    0.00014411869439451646,
    0.00013890471018385142,
    0.00013416218037794655,
    0.00013009489824374518,
    0.00012587310144832978,
    0.00012162916051844756,
    0.0001171134213412491,
    0.00011293697558964292,
    0.00010869521987236416,
    0.00010454614336291949,
    0.0001011091332960253,
    9.778351862526809e-05,
    9.469209132172788e-05,
    9.247223885419467e-05,
    8.976665509787077e-05,
    8.731534762773663e-05,
    8.568437915528193e-05,
    8.336664031958208e-05,
    8.215154763699198e-05,
    8.036760991672053e-05,
    7.823564374120906e-05,
    7.694677721398572e-05,
    7.548828774209445e-05,
    7.428536337101832e-05
  ],
  "val_loss": [
    0.12576456367969513,
    0.014272806234657764,
    0.002420954580884427,
    0.0011447564465925097,
    0.0008538734109606594,
    0.0006986897788010538,
    0.0005918760871281847,
    0.0005024541169404984,
    0.00043566147360252216,
    0.0003864424870698713,
    0.0003507181245367974,
    0.0003140998669550754,
    0.0002867645744117908,
    0.0002684208084247075,
    0.00024378208399866708,
    0.00022517180332215503,
    0.00021628553076880053,
    0.00020377180044306442,
    0.0001935982654686086,
    0.00018297333735972643,
    0.00017293057317147031,
    0.00016544740719837137,
    0.00015842898210394196,
    0.00015053624520078301,
    0.00014612058294005692,
    0.00014054692655918188,
    0.00013345616025617346,
    0.00013073248555883765,
    0.00012883554336440284,
    0.00012033375423925463,
    0.00012092489305359777,
    0.00011740973968699109,
    0.00010789938642119523,
    0.00010642076813383028,
    0.00010232066051685251,
    0.000103484886494698,
    9.216676335199736e-05,
    9.187048453895841e-05,
    9.315237366536167e-05,
    8.701454498805106e-05,
    8.462628466077149e-05,
    8.423509279964492e-05,
    7.979757720022462e-05,
    8.12485559436027e-05,
    7.592483962071128e-05,
    7.441376510541886e-05,
    7.444072798534762e-05,
    7.267465844051912e-05,
    7.186269613157492e-05,
    6.924362060090061e-05
  ],
  "best_val_loss": 6.924362060090061e-05,
  "best_epoch": 50,
  "config": {
    "epochs": 50,
    "batch_size": 32,
    "learning_rate": 0.001,
    "seq_length": 10,
    "pred_horizon": 10,
    "use_lite_model": false
  }
}