{
  "train_loss": [
    0.07990690916776658,
    0.01745753800496459,
    0.010044264700263738,
    0.007054268987849355,
    0.006183986971154809,
    0.005612406600266695,
    0.00513219628483057,
    0.0048081642016768456,
    0.004487080639228225,
    0.004135815985500812,
    0.004287469130940735,
    0.004038063017651439,
    0.0042001178953796625,
    0.004174912138842047,
    0.004060522792860866,
    0.003930871351622045,
    0.003796422528102994,
    0.003925297176465392,
    0.0041027973173186185,
    0.003816634649410844,
    0.0036024531815201043,
    0.003640032187104225,
    0.0035985461436212063,
    0.003777445084415376,
    0.003363132546655834,
    0.0035566958598792554,
    0.003295423649251461,
    0.0033866444835439326,
    0.003258835570886731,
    0.00355741863604635,
    0.0034976873314008115,
    0.003449351736344397,
    0.003303151507861912,
    0.003160652669612318,
    0.003123800060711801,
    0.003268446703441441,
    0.003181543271057308,
    0.0030851806979626415,
    0.0033099310705438255,
    0.003480385197326541,
    0.003733565006405115,
    0.0032558160135522487,
    0.0033473503775894643,
    0.0032191384350880982,
    0.003175170626491308,
    0.003074275702238083,
    0.002992463856935501,
    0.0029934348538517954,
    0.0030090863117948176,
    0.0027835708344355224
  ],
  "val_loss": [
    0.14023297528425852,
    0.05246095607678095,
    0.017136723423997562,
    0.00849375252922376,
    0.006259113860627015,
    0.0053354181970159216,
    0.005055435001850128,
    0.00463476637378335,
    0.004552123447259267,
    0.004329866884897153,
    0.004354719538241625,
    0.004101141666372617,
    0.00424085898945729,
    0.004244779857496421,
    0.0042703780345618725,
    0.004051106671492259,
    0.00398359044144551,
    0.0045313288768132525,
    0.00409989485827585,
    0.0039392955756435795,
    0.004074372894441088,
    0.003910876267279188,
    0.003700568340718746,
    0.0037827950436621904,
    0.0037405270462234816,
    0.0037290921124319234,
    0.003664775751531124,
    0.0037747122502575317,
    0.003603014862164855,
    0.003842641289035479,
    0.0037478365314503512,
    0.00371858524158597,
    0.003729264639938871,
    0.003567566474278768,
    0.00355999645156165,
    0.0036253821259985366,
    0.0036745266212771335,
    0.004091317843024929,
    0.0037222063013662896,
    0.003572707219670216,
    0.003740238957107067,
    0.00368949460486571,
    0.0036293158773332834,
    0.003577900972838203,
    0.0034928325718889632,
    0.0035112519593288503,
    0.0034430172139157853,
    0.0034594006525973478,
    0.0034367123153060675,
    0.003482160624116659
  ],
  "best_val_loss": 0.0034367123153060675,
  "best_epoch": 49,
  "config": {
    "epochs": 50,
    "batch_size": 32,
    "learning_rate": 0.001,
    "seq_length": 10,
    "pred_horizon": 50,
    "use_lite_model": false
  }
}