{
  "train_loss": [
    0.10665600600519351,
    0.011977979780307837,
    0.0026767326884769966,
    0.0012868039443024568,
    0.0008880952872069818,
    0.000704607435701681,
    0.000592202871173088,
    0.0005117597361926787,
    0.00045018013458632467,
    0.0004006360748982323,
    0.000361127157313084,
    0.0003280172739843173,
    0.0003008189024902614,
    0.0002778438647510484,
    0.00025790222155462416,
    0.00024117178691085428,
    0.00022651043816170256,
    0.00021377022910330976,
    0.00020244610641384497,
    0.0001925217646722948,
    0.00018363319291633422,
    0.00017541119346528182,
    0.0001683101415567632,
    0.00016179513996965916,
    0.00015639420390860842,
    0.00015130657370069196,
    0.0001460599440698778,
    0.00014122430210201337,
    0.00013692558111090745,
    0.00013299725365608798,
    0.00012912608976226432,
    0.00012576800613065382,
    0.0001229222585347348,
    0.00011973306131299719,
    0.00011615752893184046,
    0.00011351625029679521,
    0.00011065039455258687,
    0.00010912851783879367,
    0.00010678090153045819,
    0.00010346029323825081,
    0.00010179418521667165,
    9.954885691903266e-05,
    9.791713767169443e-05,
    9.748424885661475e-05,
    9.366919870704546e-05,
    9.149926492162714e-05,
    8.968982729129493e-05,
    8.770799312125226e-05,
    8.597564686039862e-05,
    8.435577235234502e-05
  ],
  "val_loss": [
    0.1203668862581253,
    0.008699327940121293,
    0.0015600236365571618,
    0.000974424125161022,
    0.0008065967413131148,
    0.0006693198520224541,
    0.0005712710408261046,
    0.0004933458840241656,
    0.0004349785376689397,
    0.00038362178747775033,
    0.0003411668512853794,
    0.0003115617801086046,
    0.00028259874670766294,
    0.0002589049327070825,
    0.00024426263189525343,
    0.00022894331777933985,
    0.00021717578420066275,
    0.00020475725250435062,
    0.00019254738435847685,
    0.00018735211415332742,
    0.00017940190082299523,
    0.00016752791634644382,
    0.0001622450836293865,
    0.00015617423196090385,
    0.00015144324424909428,
    0.0001454075645597186,
    0.0001395024301018566,
    0.0001371047655993607,
    0.0001345451491943095,
    0.00013317585035110824,
    0.00012667074770433828,
    0.00012154273463238496,
    0.00011623860518739093,
    0.00011486276343930513,
    0.00011649184125417378,
    0.00011470311801531352,
    0.00010777344141388312,
    0.00011328475738991983,
    0.00010608392221911345,
    0.00010286941142112482,
    0.00010392607873654924,
    0.00010757675590866711,
    9.575933290761895e-05,
    0.00010876830128836446,
    9.812740972847678e-05,
    9.433761988475453e-05,
    9.413678344571963e-05,
    9.092688014789019e-05,
    8.646449896332342e-05,
    8.393997995881364e-05
  ],
  "best_val_loss": 8.393997995881364e-05,
  "best_epoch": 50,
  "config": {
    "epochs": 50,
    "batch_size": 32,
    "learning_rate": 0.001,
    "seq_length": 10,
    "pred_horizon": 50,
    "use_lite_model": false
  }
}