{
  "train_loss": [
    0.1450701281428337,
    0.032664120705290275,
    0.010614707303995436,
    0.006763424428010529,
    0.005485824859616431,
    0.004753847310150211,
    0.004416353450241414,
    0.004388715225187215,
    0.004115920196372,
    0.003927469401704994,
    0.004049143521115184,
    0.004158935001627965,
    0.003981411393562501,
    0.0036240013273940845,
    0.003575683317401192,
    0.0034907951062037187,
    0.00356726693412797,
    0.0036081862847574734,
    0.003483461110259999,
    0.003399011149833148
  ],
  "val_loss": [
    0.1677118937174479,
    0.03802403807640076,
    0.011405888323982557,
    0.006673698003093402,
    0.005148581073929866,
    0.004786382894963026,
    0.004573208745568991,
    0.004351328903188308,
    0.004075333476066589,
    0.003939058864489198,
    0.0041088620976855355,
    0.004142633794496457,
    0.003946007462218404,
    0.0036405065717796483,
    0.0036145142124344907,
    0.0035895323380827904,
    0.0036115736390153566,
    0.003671158803626895,
    0.0036739071365445852,
    0.0035960839595645666
  ],
  "best_val_loss": 0.0035895323380827904,
  "best_epoch": 16,
  "config": {
    "epochs": 20,
    "batch_size": 32,
    "learning_rate": 0.001,
    "seq_length": 10,
    "pred_horizon": 10,
    "use_lite_model": false
  }
}