{
  "train_loss": [
    0.04745159397522609,
    0.0015114810065521547,
    0.0007191163468329857,
    0.0005176134776168814,
    0.0004023981930610413,
    0.00032338117016479374,
    0.0002688635426845091,
    0.00022946818886945646,
    0.00020153107713364685,
    0.00017988257847415903,
    0.00016327619766040395,
    0.00015010798476093137,
    0.00013929068712362398,
    0.00012956537126835126,
    0.00012292038421340596,
    0.00011536679812707007,
    0.00010900904914403023,
    0.00010329068099963478,
    9.791079913460029e-05,
    9.486136453536649e-05,
    9.303366920600334e-05,
    8.589058221938709e-05,
    8.245485757167141e-05,
    7.999502219414959e-05,
    7.712080575098905e-05,
    7.506854647848134e-05,
    7.410914622596465e-05,
    7.086360249862386e-05,
    6.86435580670756e-05,
    6.768500497855712e-05,
    6.592338844105447e-05,
    6.499704080245769e-05,
    6.321078217297327e-05,
    6.262434665889789e-05,
    6.064680164854508e-05,
    5.93875243794173e-05,
    5.942469955092141e-05,
    5.776460384367965e-05,
    5.6025875043512015e-05,
    5.552337133849505e-05,
    5.461382449235923e-05,
    5.391383274400141e-05,
    5.260710216437777e-05,
    5.2210462066189696e-05,
    5.22031486373938e-05,
    5.1467426722714056e-05,
    5.0574721656933735e-05,
    4.9514570734269606e-05,
    4.855942388530821e-05,
    4.778941499049931e-05
  ],
  "val_loss": [
    0.007582850696053356,
    0.0009058390714926645,
    0.000605242486926727,
    0.00045356588816503063,
    0.0003552134658093564,
    0.0002927236637333408,
    0.0002568755553511437,
    0.00022075354718253948,
    0.00018556143731984776,
    0.00018467290283297189,
    0.00016504845370945986,
    0.00015155248365772422,
    0.00014985236339271069,
    0.00013386345926846843,
    0.00012108179180359002,
    0.00011353246918588411,
    0.00011561865994735854,
    0.00010581153492239537,
    9.951409083441831e-05,
    0.00010092912089021411,
    9.306426545663271e-05,
    9.087998023460386e-05,
    9.21025593925151e-05,
    8.564752715756185e-05,
    8.363033066416392e-05,
    8.159495064319344e-05,
    8.356755097338464e-05,
    8.048135350691155e-05,
    7.6446968705568e-05,
    7.778719009365886e-05,
    7.228822960314574e-05,
    7.203234054031782e-05,
    7.256739081640262e-05,
    6.86361086081888e-05,
    6.645805888183531e-05,
    6.771685957573936e-05,
    6.589279610125232e-05,
    6.425230867534992e-05,
    6.43029256934824e-05,
    6.177892691994202e-05,
    6.103735495344154e-05,
    5.9106207572767744e-05,
    5.8526559314486803e-05,
    5.758000816058484e-05,
    5.8556857766234316e-05,
    5.886108283448266e-05,
    5.79538300371496e-05,
    5.461776891024783e-05,
    5.410146741269273e-05,
    5.531973647521227e-05
  ],
  "best_val_loss": 5.410146741269273e-05,
  "best_epoch": 49,
  "config": {
    "epochs": 50,
    "batch_size": 32,
    "learning_rate": 0.001,
    "seq_length": 10,
    "pred_horizon": 10,
    "use_lite_model": false
  }
}