{
  "source_file": "data/raw/juelich/bottleneck/ao-360-400.txt",
  "format": "juelich",
  "n_frames": 404,
  "n_pedestrians": 350,
  "scene_bounds": {
    "x_min": -3.21449,
    "x_max": 4.933199999999999,
    "y_min": -7.213690000000001,
    "y_max": 8.99476
  },
  "cell_size": 1.013028125,
  "target_fps": 10.0,
  "grid_size": [
    30,
    16
  ]
}